Antigen ID,Sample ID,Patient Name,Lot ID,Allele,Assignment,Raw Value,MFI/LRA,Cutoff,IsAssigned
203,23NEQAS3 08,23NEQAS3 08,3013563 3013449-SA2,DRB1*01:01,Negative,936,1.35,3.73,NO
204,23NEQAS3 08,23NEQAS3 08,3013563 3013449-SA2,DRB1*01:02,Negative,863,1.25,3.85,NO
206,23NEQAS3 08,23NEQAS3 08,3013563 3013449-SA2,DRB1*01:03,Negative,837,1.21,3.79,NO
207,23NEQAS3 08,23NEQAS3 08,3013563 3013449-SA2,DRB1*03:01,Negative,714,1.03,4.09,NO
208,23NEQAS3 08,23NEQAS3 08,3013563 3013449-SA2,DRB1*03:02,Negative,925,1.34,4.03,NO
209,23NEQAS3 08,23NEQAS3 08,3013563 3013449-SA2,DRB1*03:03,Negative,867,1.25,4.24,NO
210,23NEQAS3 08,23NEQAS3 08,3013563 3013449-SA2,DRB1*04:01,Positive,4801,6.95,3.98,YES
211,23NEQAS3 08,23NEQAS3 08,3013563 3013449-SA2,DRB1*04:02,Positive,5450,7.89,3.62,YES
212,23NEQAS3 08,23NEQAS3 08,3013563 3013449-SA2,DRB1*04:03,Positive,5042,7.3,3.77,YES
213,23NEQAS3 08,23NEQAS3 08,3013563 3013449-SA2,DRB1*04:04,Positive,4883,7.07,3.8,YES
214,23NEQAS3 08,23NEQAS3 08,3013563 3013449-SA2,DRB1*04:05,Positive,4400,6.37,4.12,YES
215,23NEQAS3 08,23NEQAS3 08,3013563 3013449-SA2,DRB1*07:01,Negative,1993,2.88,3.64,NO
216,23NEQAS3 08,23NEQAS3 08,3013563 3013449-SA2,DRB1*08:01,Negative,1206,1.74,4.19,NO
217,23NEQAS3 08,23NEQAS3 08,3013563 3013449-SA2,DRB1*08:02,Negative,866,1.25,3.89,NO
218,23NEQAS3 08,23NEQAS3 08,3013563 3013449-SA2,DRB1*09:01,Negative,2153,3.12,3.82,NO
219,23NEQAS3 08,23NEQAS3 08,3013563 3013449-SA2,DRB1*10:01,Negative,980,1.42,3.96,NO
220,23NEQAS3 08,23NEQAS3 08,3013563 3013449-SA2,DRB1*11:01,Negative,732,1.06,3.89,NO
221,23NEQAS3 08,23NEQAS3 08,3013563 3013449-SA2,DRB1*11:03,Negative,986,1.43,4.59,NO
222,23NEQAS3 08,23NEQAS3 08,3013563 3013449-SA2,DRB1*11:04,Negative,740,1.07,4.16,NO
223,23NEQAS3 08,23NEQAS3 08,3013563 3013449-SA2,DRB1*12:01,Negative,997,1.44,3.91,NO
224,23NEQAS3 08,23NEQAS3 08,3013563 3013449-SA2,DRB1*12:02,Negative,1417,2.05,4.02,NO
225,23NEQAS3 08,23NEQAS3 08,3013563 3013449-SA2,DRB1*13:01,Negative,963,1.39,4.97,NO
226,23NEQAS3 08,23NEQAS3 08,3013563 3013449-SA2,DRB1*13:03,Negative,1085,1.57,3.98,NO
227,23NEQAS3 08,23NEQAS3 08,3013563 3013449-SA2,DRB1*13:05,Negative,944,1.37,4.15,NO
228,23NEQAS3 08,23NEQAS3 08,3013563 3013449-SA2,DRB1*14:01,Negative,691,1,3.77,NO
229,23NEQAS3 08,23NEQAS3 08,3013563 3013449-SA2,DRB1*14:03,Negative,913,1.32,4.07,NO
230,23NEQAS3 08,23NEQAS3 08,3013563 3013449-SA2,DRB1*14:04,Negative,1153,1.67,3.81,NO
231,23NEQAS3 08,23NEQAS3 08,3013563 3013449-SA2,DRB1*15:01,Negative,998,1.44,4.02,NO
232,23NEQAS3 08,23NEQAS3 08,3013563 3013449-SA2,DRB1*15:02,Negative,810,1.17,4.06,NO
233,23NEQAS3 08,23NEQAS3 08,3013563 3013449-SA2,DRB1*15:03,Negative,1077,1.56,4.08,NO
234,23NEQAS3 08,23NEQAS3 08,3013563 3013449-SA2,DRB1*16:01,Negative,1019,1.47,3.93,NO
235,23NEQAS3 08,23NEQAS3 08,3013563 3013449-SA2,DRB1*16:02,Negative,1071,1.55,4.1,NO
236,23NEQAS3 08,23NEQAS3 08,3013563 3013449-SA2,DRB3*01:01,Negative,946,1.37,4.58,NO
237,23NEQAS3 08,23NEQAS3 08,3013563 3013449-SA2,DRB3*02:02,Negative,902,1.3,4.26,NO
238,23NEQAS3 08,23NEQAS3 08,3013563 3013449-SA2,DRB3*03:01,Negative,701,1.01,4.05,NO
239,23NEQAS3 08,23NEQAS3 08,3013563 3013449-SA2,DRB4*01:01,Negative,1167,1.69,4.62,NO
240,23NEQAS3 08,23NEQAS3 08,3013563 3013449-SA2,DRB5*01:01,Negative,945,1.37,4.2,NO
241,23NEQAS3 08,23NEQAS3 08,3013563 3013449-SA2,DRB5*02:02,Negative,1019,1.47,4.31,NO
242,23NEQAS3 08,23NEQAS3 08,3013563 3013449-SA2,DQA1*02:01,Negative,1097,1.66,3.53,NO
242,23NEQAS3 08,23NEQAS3 08,3013563 3013449-SA2,DQB1*02:01,Negative,1097,1.66,3.53,NO
243,23NEQAS3 08,23NEQAS3 08,3013563 3013449-SA2,DQA1*05:01,Negative,2186,3.31,3.81,NO
243,23NEQAS3 08,23NEQAS3 08,3013563 3013449-SA2,DQB1*02:01,Negative,2186,3.31,3.81,NO
244,23NEQAS3 08,23NEQAS3 08,3013563 3013449-SA2,DQA1*02:01,Negative,1569,2.38,3.67,NO
244,23NEQAS3 08,23NEQAS3 08,3013563 3013449-SA2,DQB1*02:02,Negative,1569,2.38,3.67,NO
245,23NEQAS3 08,23NEQAS3 08,3013563 3013449-SA2,DQB1*02:02,Negative,1573,2.38,3.71,NO
245,23NEQAS3 08,23NEQAS3 08,3013563 3013449-SA2,DQA1*03:02,Negative,1573,2.38,3.71,NO
246,23NEQAS3 08,23NEQAS3 08,3013563 3013449-SA2,DQA1*05:01,Negative,1870,2.83,3.94,NO
246,23NEQAS3 08,23NEQAS3 08,3013563 3013449-SA2,DQB1*02:02,Negative,1870,2.83,3.94,NO
247,23NEQAS3 08,23NEQAS3 08,3013563 3013449-SA2,DQB1*03:01,Negative,2394,3.63,4.11,NO
247,23NEQAS3 08,23NEQAS3 08,3013563 3013449-SA2,DQA1*03:01,Negative,2394,3.63,4.11,NO
248,23NEQAS3 08,23NEQAS3 08,3013563 3013449-SA2,DQB1*03:01,Negative,2197,3.33,4.24,NO
248,23NEQAS3 08,23NEQAS3 08,3013563 3013449-SA2,DQA1*03:02,Negative,2197,3.33,4.24,NO
249,23NEQAS3 08,23NEQAS3 08,3013563 3013449-SA2,DQA1*05:01,Negative,2291,3.47,4.1,NO
249,23NEQAS3 08,23NEQAS3 08,3013563 3013449-SA2,DQB1*03:01,Negative,2291,3.47,4.1,NO
250,23NEQAS3 08,23NEQAS3 08,3013563 3013449-SA2,DQB1*03:01,Negative,2663,4.03,4.85,NO
250,23NEQAS3 08,23NEQAS3 08,3013563 3013449-SA2,DQA1*06:01,Negative,2663,4.03,4.85,NO
251,23NEQAS3 08,23NEQAS3 08,3013563 3013449-SA2,DQA1*02:01,Negative,2747,4.16,5.63,NO
251,23NEQAS3 08,23NEQAS3 08,3013563 3013449-SA2,DQB1*03:02,Negative,2747,4.16,5.63,NO
252,23NEQAS3 08,23NEQAS3 08,3013563 3013449-SA2,DQA1*03:01,Negative,2832,4.29,4.82,NO
252,23NEQAS3 08,23NEQAS3 08,3013563 3013449-SA2,DQB1*03:02,Negative,2832,4.29,4.82,NO
253,23NEQAS3 08,23NEQAS3 08,3013563 3013449-SA2,DQA1*03:02,Positive,3352,5.08,4.86,NO
253,23NEQAS3 08,23NEQAS3 08,3013563 3013449-SA2,DQB1*03:02,Positive,3352,5.08,4.86,NO
254,23NEQAS3 08,23NEQAS3 08,3013563 3013449-SA2,DQB1*03:03,Negative,2618,3.97,4.27,NO
254,23NEQAS3 08,23NEQAS3 08,3013563 3013449-SA2,DQA1*03:02,Negative,2618,3.97,4.27,NO
255,23NEQAS3 08,23NEQAS3 08,3013563 3013449-SA2,DQA1*04:01,Negative,2167,3.28,4.15,NO
255,23NEQAS3 08,23NEQAS3 08,3013563 3013449-SA2,DQB1*03:03,Negative,2167,3.28,4.15,NO
256,23NEQAS3 08,23NEQAS3 08,3013563 3013449-SA2,DQA1*06:01,Negative,2341,3.55,3.92,NO
256,23NEQAS3 08,23NEQAS3 08,3013563 3013449-SA2,DQB1*03:03,Negative,2341,3.55,3.92,NO
257,23NEQAS3 08,23NEQAS3 08,3013563 3013449-SA2,DQA1*02:01,Negative,660,1,4.31,NO
257,23NEQAS3 08,23NEQAS3 08,3013563 3013449-SA2,DQB1*04:01,Negative,660,1,4.31,NO
258,23NEQAS3 08,23NEQAS3 08,3013563 3013449-SA2,DQA1*04:01,Negative,1424,2.16,4.12,NO
258,23NEQAS3 08,23NEQAS3 08,3013563 3013449-SA2,DQB1*04:01,Negative,1424,2.16,4.12,NO
259,23NEQAS3 08,23NEQAS3 08,3013563 3013449-SA2,DQA1*05:01,Negative,1174,1.78,4.32,NO
259,23NEQAS3 08,23NEQAS3 08,3013563 3013449-SA2,DQB1*04:01,Negative,1174,1.78,4.32,NO
260,23NEQAS3 08,23NEQAS3 08,3013563 3013449-SA2,DQA1*03:01,Negative,1056,1.6,4.15,NO
260,23NEQAS3 08,23NEQAS3 08,3013563 3013449-SA2,DQB1*04:02,Negative,1056,1.6,4.15,NO
261,23NEQAS3 08,23NEQAS3 08,3013563 3013449-SA2,DQA1*04:01,Negative,1130,1.71,4.25,NO
261,23NEQAS3 08,23NEQAS3 08,3013563 3013449-SA2,DQB1*04:02,Negative,1130,1.71,4.25,NO
262,23NEQAS3 08,23NEQAS3 08,3013563 3013449-SA2,DQA1*06:01,Negative,1148,1.74,4.13,NO
262,23NEQAS3 08,23NEQAS3 08,3013563 3013449-SA2,DQB1*04:02,Negative,1148,1.74,4.13,NO
263,23NEQAS3 08,23NEQAS3 08,3013563 3013449-SA2,DQB1*05:01,Negative,1670,2.53,4.99,NO
263,23NEQAS3 08,23NEQAS3 08,3013563 3013449-SA2,DQA1*01:01,Negative,1670,2.53,4.99,NO
264,23NEQAS3 08,23NEQAS3 08,3013563 3013449-SA2,DQA1*01:02,Negative,1047,1.59,4.8,NO
264,23NEQAS3 08,23NEQAS3 08,3013563 3013449-SA2,DQB1*05:01,Negative,1047,1.59,4.8,NO
265,23NEQAS3 08,23NEQAS3 08,3013563 3013449-SA2,DQA1*01:02,Negative,1285,1.95,4.29,NO
265,23NEQAS3 08,23NEQAS3 08,3013563 3013449-SA2,DQB1*05:02,Negative,1285,1.95,4.29,NO
266,23NEQAS3 08,23NEQAS3 08,3013563 3013449-SA2,DQA1*01:04,Negative,1492,2.26,4.37,NO
266,23NEQAS3 08,23NEQAS3 08,3013563 3013449-SA2,DQB1*05:03,Negative,1492,2.26,4.37,NO
267,23NEQAS3 08,23NEQAS3 08,3013563 3013449-SA2,DQB1*06:01,Negative,1200,1.82,4.08,NO
267,23NEQAS3 08,23NEQAS3 08,3013563 3013449-SA2,DQA1*01:03,Negative,1200,1.82,4.08,NO
268,23NEQAS3 08,23NEQAS3 08,3013563 3013449-SA2,DQB1*06:01,Negative,1604,2.43,4.09,NO
268,23NEQAS3 08,23NEQAS3 08,3013563 3013449-SA2,DQA1*01:04,Negative,1604,2.43,4.09,NO
269,23NEQAS3 08,23NEQAS3 08,3013563 3013449-SA2,DQA1*02:01,Negative,1274,1.93,3.9,NO
269,23NEQAS3 08,23NEQAS3 08,3013563 3013449-SA2,DQB1*06:01,Negative,1274,1.93,3.9,NO
270,23NEQAS3 08,23NEQAS3 08,3013563 3013449-SA2,DQA1*01:02,Negative,744,1.13,4.07,NO
270,23NEQAS3 08,23NEQAS3 08,3013563 3013449-SA2,DQB1*06:02,Negative,744,1.13,4.07,NO
271,23NEQAS3 08,23NEQAS3 08,3013563 3013449-SA2,DQA1*01:03,Negative,845,1.28,4.08,NO
271,23NEQAS3 08,23NEQAS3 08,3013563 3013449-SA2,DQB1*06:03,Negative,845,1.28,4.08,NO
272,23NEQAS3 08,23NEQAS3 08,3013563 3013449-SA2,DQA1*01:02,Negative,1087,1.65,7.04,NO
272,23NEQAS3 08,23NEQAS3 08,3013563 3013449-SA2,DQB1*06:04,Negative,1087,1.65,7.04,NO
273,23NEQAS3 08,23NEQAS3 08,3013563 3013449-SA2,DPB1*01:01,Negative,1038,1.87,3.94,NO
273,23NEQAS3 08,23NEQAS3 08,3013563 3013449-SA2,DPA1*01:03,Negative,1038,1.87,3.94,NO
274,23NEQAS3 08,23NEQAS3 08,3013563 3013449-SA2,DPB1*01:01,Negative,800,1.44,3.81,NO
274,23NEQAS3 08,23NEQAS3 08,3013563 3013449-SA2,DPA1*02:01,Negative,800,1.44,3.81,NO
275,23NEQAS3 08,23NEQAS3 08,3013563 3013449-SA2,DPA1*02:02,Negative,918,1.65,3.95,NO
275,23NEQAS3 08,23NEQAS3 08,3013563 3013449-SA2,DPB1*01:01,Negative,918,1.65,3.95,NO
276,23NEQAS3 08,23NEQAS3 08,3013563 3013449-SA2,DPA1*03:01,Negative,838,1.51,3.74,NO
276,23NEQAS3 08,23NEQAS3 08,3013563 3013449-SA2,DPB1*01:01,Negative,838,1.51,3.74,NO
277,23NEQAS3 08,23NEQAS3 08,3013563 3013449-SA2,DPB1*02:01,Negative,1367,2.46,4.21,NO
277,23NEQAS3 08,23NEQAS3 08,3013563 3013449-SA2,DPA1*01:03,Negative,1367,2.46,4.21,NO
278,23NEQAS3 08,23NEQAS3 08,3013563 3013449-SA2,DPA1*01:03,Positive,2219,4,3.94,NO
278,23NEQAS3 08,23NEQAS3 08,3013563 3013449-SA2,DPB1*03:01,Positive,2219,4,3.94,YES
279,23NEQAS3 08,23NEQAS3 08,3013563 3013449-SA2,DPB1*04:01,Negative,910,1.64,4.13,NO
279,23NEQAS3 08,23NEQAS3 08,3013563 3013449-SA2,DPA1*01:03,Negative,910,1.64,4.13,NO
280,23NEQAS3 08,23NEQAS3 08,3013563 3013449-SA2,DPB1*04:01,Negative,745,1.34,4.17,NO
280,23NEQAS3 08,23NEQAS3 08,3013563 3013449-SA2,DPA1*02:01,Negative,745,1.34,4.17,NO
281,23NEQAS3 08,23NEQAS3 08,3013563 3013449-SA2,DPB1*04:01,Negative,1072,1.93,3.84,NO
281,23NEQAS3 08,23NEQAS3 08,3013563 3013449-SA2,DPA1*02:02,Negative,1072,1.93,3.84,NO
282,23NEQAS3 08,23NEQAS3 08,3013563 3013449-SA2,DPB1*04:01,Negative,1097,1.98,3.98,NO
282,23NEQAS3 08,23NEQAS3 08,3013563 3013449-SA2,DPA1*03:01,Negative,1097,1.98,3.98,NO
283,23NEQAS3 08,23NEQAS3 08,3013563 3013449-SA2,DPB1*04:01,Negative,1520,2.74,4.22,NO
283,23NEQAS3 08,23NEQAS3 08,3013563 3013449-SA2,DPA1*04:01,Negative,1520,2.74,4.22,NO
284,23NEQAS3 08,23NEQAS3 08,3013563 3013449-SA2,DPB1*04:02,Negative,986,1.78,4.16,NO
284,23NEQAS3 08,23NEQAS3 08,3013563 3013449-SA2,DPA1*01:03,Negative,986,1.78,4.16,NO
285,23NEQAS3 08,23NEQAS3 08,3013563 3013449-SA2,DPA1*03:01,Negative,1384,2.49,3.85,NO
285,23NEQAS3 08,23NEQAS3 08,3013563 3013449-SA2,DPB1*04:02,Negative,1384,2.49,3.85,NO
286,23NEQAS3 08,23NEQAS3 08,3013563 3013449-SA2,DPB1*05:01,Negative,555,1,3.79,NO
286,23NEQAS3 08,23NEQAS3 08,3013563 3013449-SA2,DPA1*02:01,Negative,555,1,3.79,NO
287,23NEQAS3 08,23NEQAS3 08,3013563 3013449-SA2,DPA1*02:02,Negative,615,1.11,4.88,NO
287,23NEQAS3 08,23NEQAS3 08,3013563 3013449-SA2,DPB1*05:01,Negative,615,1.11,4.88,NO
288,23NEQAS3 08,23NEQAS3 08,3013563 3013449-SA2,DPA1*03:01,Negative,928,1.67,3.6,NO
288,23NEQAS3 08,23NEQAS3 08,3013563 3013449-SA2,DPB1*05:01,Negative,928,1.67,3.6,NO
289,23NEQAS3 08,23NEQAS3 08,3013563 3013449-SA2,DPA1*01:03,Positive,2693,4.85,4.65,NO
289,23NEQAS3 08,23NEQAS3 08,3013563 3013449-SA2,DPB1*06:01,Positive,2693,4.85,4.65,YES
290,23NEQAS3 08,23NEQAS3 08,3013563 3013449-SA2,DPA1*02:01,Positive,9917,17.87,3.75,NO
290,23NEQAS3 08,23NEQAS3 08,3013563 3013449-SA2,DPB1*09:01,Positive,9917,17.87,3.75,YES
291,23NEQAS3 08,23NEQAS3 08,3013563 3013449-SA2,DPB1*11:01,Negative,717,1.29,3.72,NO
291,23NEQAS3 08,23NEQAS3 08,3013563 3013449-SA2,DPA1*02:01,Negative,717,1.29,3.72,NO
292,23NEQAS3 08,23NEQAS3 08,3013563 3013449-SA2,DPB1*13:01,Negative,753,1.36,3.93,NO
292,23NEQAS3 08,23NEQAS3 08,3013563 3013449-SA2,DPA1*02:01,Negative,753,1.36,3.93,NO
293,23NEQAS3 08,23NEQAS3 08,3013563 3013449-SA2,DPA1*04:01,Negative,907,1.63,4.12,NO
293,23NEQAS3 08,23NEQAS3 08,3013563 3013449-SA2,DPB1*13:01,Negative,907,1.63,4.12,NO
294,23NEQAS3 08,23NEQAS3 08,3013563 3013449-SA2,DPB1*14:01,Negative,2205,3.97,3.98,NO
294,23NEQAS3 08,23NEQAS3 08,3013563 3013449-SA2,DPA1*02:01,Negative,2205,3.97,3.98,NO
295,23NEQAS3 08,23NEQAS3 08,3013563 3013449-SA2,DPB1*15:01,Negative,928,1.67,3.87,NO
295,23NEQAS3 08,23NEQAS3 08,3013563 3013449-SA2,DPA1*02:01,Negative,928,1.67,3.87,NO
296,23NEQAS3 08,23NEQAS3 08,3013563 3013449-SA2,DPA1*02:01,Positive,7120,12.83,4.21,NO
296,23NEQAS3 08,23NEQAS3 08,3013563 3013449-SA2,DPB1*17:01,Positive,7120,12.83,4.21,YES
297,23NEQAS3 08,23NEQAS3 08,3013563 3013449-SA2,DPB1*18:01,Negative,1168,2.1,4.11,NO
297,23NEQAS3 08,23NEQAS3 08,3013563 3013449-SA2,DPA1*01:03,Negative,1168,2.1,4.11,NO
298,23NEQAS3 08,23NEQAS3 08,3013563 3013449-SA2,DPB1*19:01,Negative,833,1.5,3.54,NO
298,23NEQAS3 08,23NEQAS3 08,3013563 3013449-SA2,DPA1*02:01,Negative,833,1.5,3.54,NO
299,23NEQAS3 08,23NEQAS3 08,3013563 3013449-SA2,DPA1*02:02,Negative,693,1.25,4.34,NO
299,23NEQAS3 08,23NEQAS3 08,3013563 3013449-SA2,DPB1*28:01,Negative,693,1.25,4.34,NO
